{
    "Qt diagonal": [
        0.3,
        0.017
    ],
    "Mt diagonal": [
        1.0,
        1.0,
        1.0
    ],
    "position_rmse": 0.15353915762792006,
    "position_max_abs_error": 0.3546490387251092,
    "position_total_cumulative_error": 165.28460075399178,
    "position_error_percentage": 0.0002812533541610382,
    "orientation_rmse": 1.9300510624861371,
    "orientation_max_abs_error": 5.815470891783609,
    "orientation_total_cumulative_error": 1890.8225411577787,
    "std_rot1": 0.0,
    "std_transl": 0.0,
    "std_rot2": 0.0,
    "std_lin_vel": 0.0,
    "std_ang_vel": 0.0,
    "std_rng": 0.3,
    "std_brg": 0.017453292519943295,
    "max_range": 8.0,
    "fov_deg": 45.0
}