{
    "Qt diagonal": [
        0.003,
        0.00017
    ],
    "Mt diagonal": [
        0.017,
        0.1,
        0.017
    ],
    "position_rmse": 0.09134163202326491,
    "position_max_abs_error": 0.5710016930019209,
    "position_total_cumulative_error": 100.70268784637481,
    "position_error_percentage": 0.0011014648747740094,
    "orientation_rmse": 2.451937738949741,
    "orientation_max_abs_error": 4.462572657215411,
    "orientation_total_cumulative_error": 2127.6061918976266
}