{
    "Qt diagonal": [
        1.0,
        0.5
    ],
    "Mt diagonal": [
        0.010000000000000002,
        0.09,
        0.010000000000000002
    ],
    "position_rmse": 0.08863555641518184,
    "position_max_abs_error": 0.6605267840884677,
    "position_total_cumulative_error": 105.41480980495791,
    "position_error_percentage": 0.0003485079711759429,
    "orientation_rmse": 1.7187900899091064,
    "orientation_max_abs_error": 6.230071647111691,
    "orientation_total_cumulative_error": 1182.2130068845627
}{
    "Qt diagonal": [
        2,
        2
    ],
    "Mt diagonal": [
        0.09,
        0.09,
        0.09
    ],
    "position_rmse": 0.21918138830384315,
    "position_max_abs_error": 0.5276424161454593,
    "position_total_cumulative_error": 278.98487627056517,
    "position_error_percentage": 0.0006900201545549145,
    "orientation_rmse": 1.99546687065644,
    "orientation_max_abs_error": 5.104661158700674,
    "orientation_total_cumulative_error": 1459.1665417563295
}{
    "Qt diagonal": [
        0.001,
        0.001
    ],
    "Mt diagonal": [
        0.09,
        0.09,
        0.09
    ],
    "position_rmse": 0.20068851837956905,
    "position_max_abs_error": 0.9580808327649306,
    "position_total_cumulative_error": 229.5394822887092,
    "position_error_percentage": 0.0007481727554440677,
    "orientation_rmse": 1.839657655834303,
    "orientation_max_abs_error": 6.227592777549822,
    "orientation_total_cumulative_error": 1115.6951866435215
}{
    "Qt diagonal": [
        10,
        10
    ],
    "Mt diagonal": [
        0.09,
        0.09,
        0.09
    ],
    "position_rmse": 0.23880418825898764,
    "position_max_abs_error": 0.5594520097546865,
    "position_total_cumulative_error": 294.3016848991786,
    "position_error_percentage": 0.00016719082736017752,
    "orientation_rmse": 1.97241535745747,
    "orientation_max_abs_error": 5.366074317384714,
    "orientation_total_cumulative_error": 1456.0728239910322
}{
    "Qt diagonal": [
        10,
        10
    ],
    "Mt diagonal": [
        0.1,
        0.1,
        0.1
    ],
    "position_rmse": 0.049620740061544905,
    "position_max_abs_error": 0.15897116112870285,
    "position_total_cumulative_error": 61.27153233582496,
    "position_error_percentage": 0.0005542676188673754,
    "orientation_rmse": 1.9184919358866392,
    "orientation_max_abs_error": 6.253135361726855,
    "orientation_total_cumulative_error": 1131.4786874841418
}{
    "Qt diagonal": [
        100,
        100
    ],
    "Mt diagonal": [
        0.1,
        0.1,
        0.1
    ],
    "position_rmse": 0.06525781273124895,
    "position_max_abs_error": 0.31295754007489807,
    "position_total_cumulative_error": 69.30924073016413,
    "position_error_percentage": 0.0003550710850553083,
    "orientation_rmse": 1.7399569534588184,
    "orientation_max_abs_error": 6.196522792977792,
    "orientation_total_cumulative_error": 920.5515969943233
}