{
    "Qt diagonal": [
        100,
        100
    ],
    "Mt diagonal": [
        0.1,
        0.1,
        0.1
    ],
    "position_rmse": 2.2006658386898468,
    "position_max_abs_error": 5.661741120641056,
    "position_total_cumulative_error": 19566.750226328128,
    "position_error_percentage": 1.0746374428641474e-06,
    "orientation_rmse": 2.1859514821698385,
    "orientation_max_abs_error": 6.100938777665924,
    "orientation_total_cumulative_error": 13737.769727838033
}{
    "Qt diagonal": [
        100,
        100
    ],
    "Mt diagonal": [
        0.1,
        0.1,
        0.1
    ],
    "position_rmse": 2.235078202103279,
    "position_max_abs_error": 5.661741120641056,
    "position_total_cumulative_error": 21763.826565432875,
    "position_error_percentage": 1.9900282448130585e-07,
    "orientation_rmse": 2.121372556711844,
    "orientation_max_abs_error": 6.117521615773921,
    "orientation_total_cumulative_error": 14053.335954574402
}{
    "Qt diagonal": [
        100,
        100
    ],
    "Mt diagonal": [
        0.1,
        0.1,
        0.1
    ],
    "position_rmse": 2.235078202103279,
    "position_max_abs_error": 5.661741120641056,
    "position_total_cumulative_error": 21763.826565432875,
    "position_error_percentage": 1.9900282448130585e-07,
    "orientation_rmse": 2.121372556711844,
    "orientation_max_abs_error": 6.117521615773921,
    "orientation_total_cumulative_error": 14053.335954574402
}{
    "Qt diagonal": [
        100,
        100
    ],
    "Mt diagonal": [
        0.1,
        0.1,
        0.1
    ],
    "position_rmse": 2.235078202103279,
    "position_max_abs_error": 5.661741120641056,
    "position_total_cumulative_error": 21763.826565432875,
    "position_error_percentage": 1.9900282448130585e-07,
    "orientation_rmse": 2.121372556711844,
    "orientation_max_abs_error": 6.117521615773921,
    "orientation_total_cumulative_error": 14053.335954574402
}{
    "Qt diagonal": [
        100,
        100
    ],
    "Mt diagonal": [
        0.1,
        0.1,
        0.1
    ],
    "position_rmse": 2.1715440784880213,
    "position_max_abs_error": 5.661741120641056,
    "position_total_cumulative_error": 22929.26125699715,
    "position_error_percentage": 3.124480277609918e-07,
    "orientation_rmse": 2.152049908459361,
    "orientation_max_abs_error": 6.100938777665924,
    "orientation_total_cumulative_error": 15952.662790156814
}{
    "Qt diagonal": [
        100,
        100
    ],
    "Mt diagonal": [
        0.1,
        0.1,
        0.1
    ],
    "position_rmse": 2.0162715779681055,
    "position_max_abs_error": 5.661741120641056,
    "position_total_cumulative_error": 22035.289067126498,
    "position_error_percentage": 1.1902382753802889e-06,
    "orientation_rmse": 2.066734789333084,
    "orientation_max_abs_error": 6.100938777665924,
    "orientation_total_cumulative_error": 15681.093426769357
}{
    "Qt diagonal": [
        100,
        100
    ],
    "Mt diagonal": [
        0.1,
        0.1,
        0.1
    ],
    "position_rmse": 2.0162715779681055,
    "position_max_abs_error": 5.661741120641056,
    "position_total_cumulative_error": 22035.289067126498,
    "position_error_percentage": 1.1902382753802889e-06,
    "orientation_rmse": 2.066734789333084,
    "orientation_max_abs_error": 6.100938777665924,
    "orientation_total_cumulative_error": 15681.093426769357
}{
    "Qt diagonal": [
        100,
        100
    ],
    "Mt diagonal": [
        0.1,
        0.1,
        0.1
    ],
    "position_rmse": 0.9748297112872045,
    "position_max_abs_error": 1.7814646760211967,
    "position_total_cumulative_error": 650.0118034387449,
    "position_error_percentage": 5.328773272722789e-05,
    "orientation_rmse": 2.462631137371544,
    "orientation_max_abs_error": 4.390751633061456,
    "orientation_total_cumulative_error": 1255.1284861921065
}{
    "Qt diagonal": [
        100,
        100
    ],
    "Mt diagonal": [
        0.1,
        0.1,
        0.1
    ],
    "position_rmse": 1.2701622210481227,
    "position_max_abs_error": 3.14648070575141,
    "position_total_cumulative_error": 901.8854423532317,
    "position_error_percentage": 3.8405825867207055e-05,
    "orientation_rmse": 2.235555664874502,
    "orientation_max_abs_error": 4.741525654297337,
    "orientation_total_cumulative_error": 1038.8035129282316
}