{
    "Qt diagonal": [
        0.01,
        0.01
    ],
    "Mt diagonal": [
        0.1,
        0.1,
        0.1
    ],
    "position_rmse": 2.08670131766972,
    "position_max_abs_error": 5.662124223979957,
    "position_total_cumulative_error": 15400.68120206827,
    "position_error_percentage": 2.8711833485916206e-06,
    "orientation_rmse": 2.2420330981738243,
    "orientation_max_abs_error": 6.100938777665924,
    "orientation_total_cumulative_error": 12514.325567286585
}