{
    "Qt diagonal": [
        3.0,
        0.17
    ],
    "Mt diagonal": [
        0.017,
        0.1,
        0.017
    ],
    "position_rmse": 0.0704729727393796,
    "position_max_abs_error": 0.32719759327906883,
    "position_total_cumulative_error": 84.09334295021185,
    "position_error_percentage": 0.0004988192072543304,
    "orientation_rmse": 2.456650778707365,
    "orientation_max_abs_error": 4.497877583394079,
    "orientation_total_cumulative_error": 2327.450393977405
}{
    "Qt diagonal": [
        3.0,
        0.17
    ],
    "Mt diagonal": [
        0.017,
        0.1,
        0.017
    ],
    "position_rmse": 0.07052023948809655,
    "position_max_abs_error": 0.2916296695338647,
    "position_total_cumulative_error": 77.35128359840853,
    "position_error_percentage": 0.0013616878615338296,
    "orientation_rmse": 2.451526496256318,
    "orientation_max_abs_error": 4.409588720285544,
    "orientation_total_cumulative_error": 2134.0850960920684
}{
    "Qt diagonal": [
        3.0,
        0.17
    ],
    "Mt diagonal": [
        0.017,
        0.1,
        0.017
    ],
    "position_rmse": 0.05542752445765506,
    "position_max_abs_error": 0.18865224949983828,
    "position_total_cumulative_error": 60.69967482509669,
    "position_error_percentage": 0.0004100279151039238,
    "orientation_rmse": 2.453211739711317,
    "orientation_max_abs_error": 4.546101172054473,
    "orientation_total_cumulative_error": 2133.3166178537053
}