{
    "Qt diagonal": [
        100.0,
        100.0
    ],
    "Mt diagonal": [
        0.1,
        0.1,
        0.1
    ],
    "position_rmse": 1.5362829072052542,
    "position_max_abs_error": 3.4483795143391456,
    "position_total_cumulative_error": 3411.2428270014852,
    "position_error_percentage": 6.561638954931365e-06,
    "orientation_rmse": 2.2853084036550393,
    "orientation_max_abs_error": 4.741525654297337,
    "orientation_total_cumulative_error": 3666.3341010123013
}{
    "Qt diagonal": [
        100.0,
        100.0
    ],
    "Mt diagonal": [
        0.1,
        0.1,
        0.1
    ],
    "position_rmse": 1.498100399995012,
    "position_max_abs_error": 4.032397336521682,
    "position_total_cumulative_error": 4519.733822049533,
    "position_error_percentage": 3.477723531076216e-06,
    "orientation_rmse": 2.2960173462092834,
    "orientation_max_abs_error": 4.742129254866444,
    "orientation_total_cumulative_error": 5146.725334777037
}{
    "Qt diagonal": [
        100.0,
        100.0
    ],
    "Mt diagonal": [
        0.1,
        0.1,
        0.1
    ],
    "position_rmse": 0.9178383163367386,
    "position_max_abs_error": 1.5575608846203384,
    "position_total_cumulative_error": 639.5033442825031,
    "position_error_percentage": 8.023367962186228e-06,
    "orientation_rmse": 2.503145438334232,
    "orientation_max_abs_error": 4.6151720120706266,
    "orientation_total_cumulative_error": 1329.4688205796006
}{
    "Qt diagonal": [
        100.0,
        100.0
    ],
    "Mt diagonal": [
        0.1,
        0.1,
        0.1
    ],
    "position_rmse": 1.5104427842726798,
    "position_max_abs_error": 3.635365461289578,
    "position_total_cumulative_error": 1119.932822951525,
    "position_error_percentage": 4.581498585517636e-06,
    "orientation_rmse": 2.372207985800603,
    "orientation_max_abs_error": 4.6151720120706266,
    "orientation_total_cumulative_error": 1231.3689616366578
}{
    "Qt diagonal": [
        100.0,
        100.0
    ],
    "Mt diagonal": [
        0.1,
        0.1,
        0.1
    ],
    "position_rmse": 1.4919523384444284,
    "position_max_abs_error": 3.5086698533495406,
    "position_total_cumulative_error": 2280.296761972016,
    "position_error_percentage": 1.2734245539381533e-06,
    "orientation_rmse": 2.4038290891351055,
    "orientation_max_abs_error": 4.615200931137616,
    "orientation_total_cumulative_error": 2615.2739771535744
}{
    "Qt diagonal": [
        100.0,
        100.0
    ],
    "Mt diagonal": [
        0.1,
        0.1,
        0.1
    ],
    "position_rmse": 1.5204991770853058,
    "position_max_abs_error": 5.327997083513985,
    "position_total_cumulative_error": 3472.8451750875606,
    "position_error_percentage": 2.8233230641069484e-07,
    "orientation_rmse": 2.360137732851662,
    "orientation_max_abs_error": 4.615200931137616,
    "orientation_total_cumulative_error": 3872.857438459714
}{
    "Qt diagonal": [
        100.0,
        100.0
    ],
    "Mt diagonal": [
        0.1,
        0.1,
        0.1
    ],
    "position_rmse": 1.5026246650900474,
    "position_max_abs_error": 3.8933340790922983,
    "position_total_cumulative_error": 3367.950316192712,
    "position_error_percentage": 2.911255499748949e-07,
    "orientation_rmse": 2.4984163122317398,
    "orientation_max_abs_error": 4.787547980217072,
    "orientation_total_cumulative_error": 4060.1297248629526
}{
    "Qt diagonal": [
        100.0,
        100.0
    ],
    "Mt diagonal": [
        0.1,
        0.1,
        0.1
    ],
    "position_rmse": 1.6928339622001056,
    "position_max_abs_error": 6.397165509203983,
    "position_total_cumulative_error": 22162.238049418516,
    "position_error_percentage": 3.189074638378147e-06,
    "orientation_rmse": 2.137564556944804,
    "orientation_max_abs_error": 4.784731970829147,
    "orientation_total_cumulative_error": 21557.593761329408
}{
    "Qt diagonal": [
        100.0,
        100.0
    ],
    "Mt diagonal": [
        0.1,
        0.1,
        0.1
    ],
    "position_rmse": 1.6666405639055497,
    "position_max_abs_error": 6.3774229894554555,
    "position_total_cumulative_error": 29712.487219677838,
    "position_error_percentage": 2.7260050034702487e-09,
    "orientation_rmse": 2.068428817419903,
    "orientation_max_abs_error": 6.12325899331264,
    "orientation_total_cumulative_error": 28140.762799806445
}{
    "Qt diagonal": [
        100.0,
        100.0
    ],
    "Mt diagonal": [
        0.1,
        0.1,
        0.1
    ],
    "position_rmse": 1.7456938788398262,
    "position_max_abs_error": 6.2890923247284025,
    "position_total_cumulative_error": 32951.67810177189,
    "position_error_percentage": 1.1471558338460381e-08,
    "orientation_rmse": 2.1715000616283824,
    "orientation_max_abs_error": 6.096333737689356,
    "orientation_total_cumulative_error": 31343.02683324775
}{
    "Qt diagonal": [
        100.0,
        100.0
    ],
    "Mt diagonal": [
        0.1,
        0.1,
        0.1
    ],
    "position_rmse": 1.7046439631570627,
    "position_max_abs_error": 5.760130820187994,
    "position_total_cumulative_error": 32732.921389063762,
    "position_error_percentage": 1.1548223673702948e-08,
    "orientation_rmse": 2.204245137607858,
    "orientation_max_abs_error": 6.185470290820265,
    "orientation_total_cumulative_error": 31375.491561669318
}{
    "Qt diagonal": [
        100.0,
        100.0
    ],
    "Mt diagonal": [
        0.1,
        0.1,
        0.1
    ],
    "position_rmse": 1.7984742536427991,
    "position_max_abs_error": 5.597282334913428,
    "position_total_cumulative_error": 38112.78807664174,
    "position_error_percentage": 1.2997640456708976e-07,
    "orientation_rmse": 2.3354572508963733,
    "orientation_max_abs_error": 6.20771541571715,
    "orientation_total_cumulative_error": 37530.487639285326
}{
    "Qt diagonal": [
        100.0,
        100.0
    ],
    "Mt diagonal": [
        0.1,
        0.1,
        0.1
    ],
    "position_rmse": 2.3190845807334246,
    "position_max_abs_error": 3.499892634801408,
    "position_total_cumulative_error": 5441.046777807929,
    "position_error_percentage": 7.4561599005141e-07,
    "orientation_rmse": 1.4954572350661897,
    "orientation_max_abs_error": 3.405562698531264,
    "orientation_total_cumulative_error": 2513.5891782135964
}{
    "Qt diagonal": [
        100.0,
        100.0
    ],
    "Mt diagonal": [
        0.1,
        0.1,
        0.1
    ],
    "position_rmse": 2.3190845807334246,
    "position_max_abs_error": 3.499892634801408,
    "position_total_cumulative_error": 5441.046777807929,
    "position_error_percentage": 7.4561599005141e-07,
    "orientation_rmse": 1.4954572350661897,
    "orientation_max_abs_error": 3.405562698531264,
    "orientation_total_cumulative_error": 2513.5891782135964
}{
    "Qt diagonal": [
        100.0,
        100.0
    ],
    "Mt diagonal": [
        0.1,
        0.1,
        0.1
    ],
    "position_rmse": 2.0932765295923104,
    "position_max_abs_error": 4.101909685506536,
    "position_total_cumulative_error": 6527.030603177369,
    "position_error_percentage": 1.3222801120626256e-05,
    "orientation_rmse": 1.5987875130923952,
    "orientation_max_abs_error": 4.929281502697391,
    "orientation_total_cumulative_error": 3579.6932644132535
}{
    "Qt diagonal": [
        100.0,
        100.0
    ],
    "Mt diagonal": [
        0.1,
        0.1,
        0.1
    ],
    "position_rmse": 2.0932765295923104,
    "position_max_abs_error": 4.101909685506536,
    "position_total_cumulative_error": 6527.030603177369,
    "position_error_percentage": 1.3222801120626256e-05,
    "orientation_rmse": 1.5987875130923952,
    "orientation_max_abs_error": 4.929281502697391,
    "orientation_total_cumulative_error": 3579.6932644132535
}{
    "Qt diagonal": [
        100.0,
        100.0
    ],
    "Mt diagonal": [
        0.1,
        0.1,
        0.1
    ],
    "position_rmse": 0.6873150974410362,