{
    "Qt diagonal": [
        0.3,
        0.017
    ],
    "Mt diagonal": [
        0.017,
        0.1,
        0.017
    ],
    "position_rmse": 0.0679672522013172,
    "position_max_abs_error": 0.3321678438397564,
    "position_total_cumulative_error": 111.85456597254463,
    "position_error_percentage": 0.0004311572024172892,
    "orientation_rmse": 2.5870743570890222,
    "orientation_max_abs_error": 4.617608581848152,
    "orientation_total_cumulative_error": 3563.6690131100877
}{
    "Qt diagonal": [
        0.3,
        0.017
    ],
    "Mt diagonal": [
        0.017,
        0.1,
        0.017
    ],
    "position_rmse": 0.07813943486497388,
    "position_max_abs_error": 0.35121775899681584,
    "position_total_cumulative_error": 1640.51159224512,
    "position_error_percentage": 8.777488600007043e-05,
    "orientation_rmse": 2.596018720954979,
    "orientation_max_abs_error": 4.53143436068103,
    "orientation_total_cumulative_error": 49160.98663629903
}{
    "Qt diagonal": [
        0.3,
        0.017
    ],
    "Mt diagonal": [
        0.017,
        0.1,
        0.017
    ],
    "position_rmse": 0.07820685217120436,
    "position_max_abs_error": 0.3759646818761404,
    "position_total_cumulative_error": 1701.872339264506,
    "position_error_percentage": 6.616527291027637e-05,
    "orientation_rmse": 2.5891565229378726,
    "orientation_max_abs_error": 4.512307140644593,
    "orientation_total_cumulative_error": 50803.41277998496
}{
    "Qt diagonal": [
        0.3,
        0.017
    ],
    "Mt diagonal": [
        0.017,
        0.1,
        0.017
    ],
    "position_rmse": 0.07878445556159502,
    "position_max_abs_error": 0.3809103023833623,
    "position_total_cumulative_error": 1828.512115413237,
    "position_error_percentage": 9.170471430212032e-05,
    "orientation_rmse": 2.578401935091656,
    "orientation_max_abs_error": 4.529423378392992,
    "orientation_total_cumulative_error": 53999.377389969915
}{
    "Qt diagonal": [
        0.3,
        0.017
    ],
    "Mt diagonal": [
        0.017,
        0.1,
        0.017
    ],
    "position_rmse": 0.07932599791592171,
    "position_max_abs_error": 0.3517874252091032,
    "position_total_cumulative_error": 1994.0485618454886,
    "position_error_percentage": 4.383865130875712e-05,
    "orientation_rmse": 2.5655120501826714,
    "orientation_max_abs_error": 4.560635701382731,
    "orientation_total_cumulative_error": 58075.65412353848
}{
    "Qt diagonal": [
        0.3,
        0.017
    ],
    "Mt diagonal": [
        0.017,
        0.1,
        0.017
    ],
    "position_rmse": 0.08050696597352161,
    "position_max_abs_error": 0.40216599103106615,
    "position_total_cumulative_error": 2267.798378135539,
    "position_error_percentage": 6.296197455654584e-05,
    "orientation_rmse": 2.5484980010639924,
    "orientation_max_abs_error": 4.589849416029587,
    "orientation_total_cumulative_error": 64535.476215338604
}{
    "Qt diagonal": [
        0.3,
        0.017
    ],
    "Mt diagonal": [
        0.017,
        0.1,
        0.017
    ],
    "position_rmse": 0.08231702155969366,
    "position_max_abs_error": 0.44792503852366655,
    "position_total_cumulative_error": 2595.921315279563,
    "position_error_percentage": 1.4518947259993246e-05,
    "orientation_rmse": 2.5326511351012178,
    "orientation_max_abs_error": 4.573660221461621,
    "orientation_total_cumulative_error": 71958.61907205329
}{
    "Qt diagonal": [
        0.3,
        0.017
    ],
    "Mt diagonal": [
        0.017,
        0.1,
        0.017
    ],
    "position_rmse": 0.08543659793329646,
    "position_max_abs_error": 0.45205397613388365,
    "position_total_cumulative_error": 105.3584103671453,
    "position_error_percentage": 0.0008429225219691361,
    "orientation_rmse": 2.4588948664537686,
    "orientation_max_abs_error": 4.466120671067723,
    "orientation_total_cumulative_error": 2375.630315566944
}{
    "Qt diagonal": [
        0.3,
        0.017
    ],
    "Mt diagonal": [
        0.017,
        0.1,
        0.017
    ],
    "position_rmse": 0.0759024419032077,
    "position_max_abs_error": 0.30373194750384236,
    "position_total_cumulative_error": 90.79948564004233,
    "position_error_percentage": 0.0001858109515679318,
    "orientation_rmse": 2.4655639154310265,
    "orientation_max_abs_error": 4.474290366651876,
    "orientation_total_cumulative_error": 2334.8001168650358
}