{
    "Qt diagonal": [
        0.3,
        0.017
    ],
    "Mt diagonal": [
        1e-07,
        1e-07,
        1e-07
    ],
    "position_rmse": 0.019476820550041674,
    "position_max_abs_error": 0.0475313302517168,
    "position_total_cumulative_error": 21.56510268026306,
    "position_error_percentage": 5.3122603528867525e-05,
    "orientation_rmse": 1.5875863288101568,
    "orientation_max_abs_error": 5.832532361417649,
    "orientation_total_cumulative_error": 1336.0194133719056,
    "std_rot1": 0.0,
    "std_transl": 0.0,
    "std_rot2": 0.0,
    "std_rng": 0.3,
    "std_brg": 0.017453292519943295,
    "max_range": 8.0,
    "fov_deg": 45.0
}