{
    "Qt diagonal": [
        0.1,
        0.1
    ],
    "Mt diagonal": [
        0.1,
        0.1,
        0.1
    ],
    "position_rmse": 0.054418419274561154,
    "position_max_abs_error": 0.24116959819015216,
    "position_total_cumulative_error": 84.43716828880275,
    "position_error_percentage": 0.0004250358048409068,
    "orientation_rmse": 2.1431785224591606,
    "orientation_max_abs_error": 6.239603630902856,
    "orientation_total_cumulative_error": 2534.076625391842,
    "std_rot1": 0.0,
    "std_transl": 0.0,
    "std_rot2": 0.0,
    "std_rng": 0.3,
    "std_brg": 0.017453292519943295,
    "max_range": 8.0,
    "fov_deg": 45.0
}