{
    "Qt diagonal": [
        0.1,
        0.1
    ],
    "Mt diagonal": [
        0.1,
        0.1,
        0.1
    ],
    "position_rmse": 0.05781081225764711,
    "position_max_abs_error": 0.18721509955517496,
    "position_total_cumulative_error": 82.67805521779007,
    "position_error_percentage": 0.0002135548737821491,
    "orientation_rmse": 1.8961929877156465,
    "orientation_max_abs_error": 5.656126783234226,
    "orientation_total_cumulative_error": 1590.5860649985839,
    "std_rot1": 0.0,
    "std_transl": 0.0,
    "std_rot2": 0.0,
    "std_rng": 0.3,
    "std_brg": 0.017453292519943295,
    "max_range": 8.0,
    "fov_deg": 45.0
}