{
    "Qt diagonal": [
        0.3,
        0.017
    ],
    "Mt diagonal": [
        0.017,
        0.1,
        0.017
    ],
    "position_rmse": 0.08955406744004513,
    "position_max_abs_error": 0.43658409539859344,
    "position_total_cumulative_error": 98.70702178866384,
    "position_error_percentage": 0.001122265809015957,
    "orientation_rmse": 2.430463069115187,
    "orientation_max_abs_error": 4.463455390906043,
    "orientation_total_cumulative_error": 2068.7566164714553,
    "std_rot1": 0.0,
    "std_transl": 0.0,
    "std_rot2": 0.0,
    "std_rng": 0.3,
    "std_brg": 0.017453292519943295,
    "max_range": 8.0,
    "fov_deg": 45.0
}