{
    "Qt diagonal": [
        3.0,
        0.17
    ],
    "Mt diagonal": [
        0.017,
        0.1,
        0.017
    ],
    "position_rmse": 0.05277593354560212,
    "position_max_abs_error": 0.24461786005457642,
    "position_total_cumulative_error": 57.62526786136608,
    "position_error_percentage": 0.0010557142279211406,
    "orientation_rmse": 2.4516195031468766,
    "orientation_max_abs_error": 4.401987309380067,
    "orientation_total_cumulative_error": 2113.5832522365345,
    "std_rot1": 0.017453292519943295,
    "std_transl": 0.1,
    "std_rot2": 0.017453292519943295,
    "std_rng": 0.0,
    "std_brg": 0.0,
    "max_range": 8.0,
    "fov_deg": 45.0
}