{
    "Qt diagonal": [
        0.3,
        0.017
    ],
    "Mt diagonal": [
        0.017,
        0.1,
        0.017
    ],
    "position_rmse": 0.03765401089968001,
    "position_max_abs_error": 0.11138511365597781,
    "position_total_cumulative_error": 41.57105658855469,
    "position_error_percentage": 8.832203494406893e-05,
    "orientation_rmse": 2.4663408036999765,
    "orientation_max_abs_error": 4.536485362236093,
    "orientation_total_cumulative_error": 2111.2302547510467,
    "std_rot1": 0.017453292519943295,
    "std_transl": 0.1,
    "std_rot2": 0.017453292519943295,
    "std_rng": 0.0,
    "std_brg": 0.0,
    "max_range": 8.0,
    "fov_deg": 45.0
}