{
    "Qt diagonal": [
        0.0001,
        0.0001
    ],
    "Mt diagonal": [
        0.017,
        0.1,
        0.017
    ],
    "position_rmse": 0.040214258583238245,
    "position_max_abs_error": 0.10301938072555328,
    "position_total_cumulative_error": 44.514594279575604,
    "position_error_percentage": 1.9537213373642603e-05,
    "orientation_rmse": 2.4550099327148343,
    "orientation_max_abs_error": 4.345814668640612,
    "orientation_total_cumulative_error": 2313.842568272118,
    "std_rot1": 0.017453292519943295,
    "std_transl": 0.1,
    "std_rot2": 0.017453292519943295,
    "std_rng": 0.0,
    "std_brg": 0.0,
    "max_range": 8.0,
    "fov_deg": 45.0
}