{
    "Qt diagonal": [
        1.0,
        1.0
    ],
    "Mt diagonal": [
        0.1,
        0.017453292519943295,
        0.1
    ],
    "position_rmse": 0.41627061395817627,
    "position_max_abs_error": 1.5950008264189905,
    "position_total_cumulative_error": 356.90876038852855,
    "position_error_percentage": 0.004121047188477407,
    "orientation_rmse": 2.664619424969732,
    "orientation_max_abs_error": 5.655449125245504,
    "orientation_total_cumulative_error": 2158.4477651916077,
    "std_rot1": 0.0,
    "std_transl": 0.0,
    "std_rot2": 0.0,
    "std_lin_vel": 0.1,
    "std_ang_vel": 0.017453292519943295,
    "std_rng": 0.0,
    "std_brg": 0.0,
    "max_range": 8.0,
    "fov_deg": 45.0
}