{
    "Qt diagonal": [
        0.01,
        0.01
    ],
    "Mt diagonal": [
        0.1,
        0.017453292519943295,
        0.1
    ],
    "position_rmse": 0.16081731103923938,
    "position_max_abs_error": 0.6404558072026245,
    "position_total_cumulative_error": 137.39152341580018,
    "position_error_percentage": 0.001363988336217798,
    "orientation_rmse": 2.496545050104813,
    "orientation_max_abs_error": 4.764482558524736,
    "orientation_total_cumulative_error": 2146.3422852677368,
    "std_rot1": 0.0,
    "std_transl": 0.0,
    "std_rot2": 0.0,
    "std_lin_vel": 0.1,
    "std_ang_vel": 0.017453292519943295,
    "std_rng": 0.0,
    "std_brg": 0.0,
    "max_range": 8.0,
    "fov_deg": 45.0
}{
    "Qt diagonal": [
        0.01,
        0.01
    ],
    "Mt diagonal": [
        0.1,
        0.017453292519943295,
        0.1
    ],
    "position_rmse": 0.07383613561409155,
    "position_max_abs_error": 0.27307696759043215,
    "position_total_cumulative_error": 72.21415613536387,
    "position_error_percentage": 0.00033017119704368853,
    "orientation_rmse": 2.469434048387401,
    "orientation_max_abs_error": 4.49008813060017,
    "orientation_total_cumulative_error": 2117.0406816344694,
    "std_rot1": 0.0,
    "std_transl": 0.0,
    "std_rot2": 0.0,
    "std_lin_vel": 0.1,
    "std_ang_vel": 0.017453292519943295,
    "std_rng": 0.0,
    "std_brg": 0.0,
    "max_range": 8.0,
    "fov_deg": 45.0
}