{
    "Qt diagonal": [
        0.0001,
        0.0001
    ],
    "Mt diagonal": [
        0.1,
        0.017453292519943295,
        0.1
    ],
    "position_rmse": 0.027413183604573607,
    "position_max_abs_error": 0.06730700742890117,
    "position_total_cumulative_error": 31.76409921528322,
    "position_error_percentage": 1.9393898755272562e-05,
    "orientation_rmse": 2.4793202182873832,
    "orientation_max_abs_error": 4.473944069351948,
    "orientation_total_cumulative_error": 2268.643944250128,
    "std_rot1": 0.0,
    "std_transl": 0.0,
    "std_rot2": 0.0,
    "std_lin_vel": 0.1,
    "std_ang_vel": 0.017453292519943295,
    "std_rng": 0.0,
    "std_brg": 0.0,
    "max_range": 8.0,
    "fov_deg": 45.0
}