{
    "Qt diagonal": [
        0.001,
        0.001
    ],
    "Mt diagonal": [
        0.1,
        0.017453292519943295,
        0.1
    ],
    "position_rmse": 0.0467137269493253,
    "position_max_abs_error": 0.11655366307245724,
    "position_total_cumulative_error": 52.214372847662545,
    "position_error_percentage": 7.264725672676513e-05,
    "orientation_rmse": 2.460729621109479,
    "orientation_max_abs_error": 4.388953548948869,
    "orientation_total_cumulative_error": 2107.9252639773094,
    "std_rot1": 0.0,
    "std_transl": 0.0,
    "std_rot2": 0.0,
    "std_lin_vel": 0.1,
    "std_ang_vel": 0.017453292519943295,
    "std_rng": 0.0,
    "std_brg": 0.0,
    "max_range": 8.0,
    "fov_deg": 45.0
}