{
    "Qt diagonal": [
        0.3,
        0.017
    ],
    "Mt diagonal": [
        0.0,
        0.0,
        0.1
    ],
    "position_rmse": 2.0587084899010337,
    "position_max_abs_error": 3.633016389840528,
    "position_total_cumulative_error": 1943.971182143217,
    "position_error_percentage": 0.0017512923044894998,
    "orientation_rmse": 2.830497681040284,
    "orientation_max_abs_error": 5.877201020486537,
    "orientation_total_cumulative_error": 2429.190978292997,
    "std_rot1": 0.0,
    "std_transl": 0.0,
    "std_rot2": 0.0,
    "std_lin_vel": 0.0,
    "std_ang_vel": 0.0,
    "std_rng": 0.3,
    "std_brg": 0.017453292519943295,
    "max_range": 8.0,
    "fov_deg": 45.0
}