{
    "Qt diagonal": [
        0.3,
        0.017
    ],
    "Mt diagonal": [
        0.1,
        0.1,
        0.1
    ],
    "position_rmse": 0.2975577257305342,
    "position_max_abs_error": 2.5004539394020977,
    "position_total_cumulative_error": 254.62523985819527,
    "position_error_percentage": 2.159741576397125e-05,
    "orientation_rmse": 1.2544564862713625,
    "orientation_max_abs_error": 6.180319115449485,
    "orientation_total_cumulative_error": 1097.183129952425,
    "std_rot1": 0.0,
    "std_transl": 0.0,
    "std_rot2": 0.0,
    "std_lin_vel": 0.0,
    "std_ang_vel": 0.0,
    "std_rng": 0.3,
    "std_brg": 0.017453292519943295,
    "max_range": 8.0,
    "fov_deg": 45.0
}{
    "Qt diagonal": [
        0.3,
        0.017
    ],
    "Mt diagonal": [
        0.1,
        0.1,
        0.1
    ],
    "position_rmse": 0.2975577257305342,
    "position_max_abs_error": 2.5004539394020977,
    "position_total_cumulative_error": 254.62523985819527,
    "position_error_percentage": 2.159741576397125e-05,
    "orientation_rmse": 1.2544564862713625,
    "orientation_max_abs_error": 6.180319115449485,
    "orientation_total_cumulative_error": 1097.183129952425,
    "std_rot1": 0.0,
    "std_transl": 0.0,
    "std_rot2": 0.0,
    "std_lin_vel": 0.0,
    "std_ang_vel": 0.0,
    "std_rng": 0.3,
    "std_brg": 0.017453292519943295,
    "max_range": 8.0,
    "fov_deg": 45.0
}