{
    "Qt diagonal": [
        0.3,
        0.017
    ],
    "Mt diagonal": [
        0.1,
        0.1,
        0.1
    ],
    "position_rmse": 0.0697839739246207,
    "position_max_abs_error": 0.2600312275918559,
    "position_total_cumulative_error": 74.1989575724434,
    "position_error_percentage": 0.000362489050772264,
    "orientation_rmse": 2.4775990958285603,
    "orientation_max_abs_error": 4.395910872998107,
    "orientation_total_cumulative_error": 2201.6180749853443,
    "std_rot1": 0.0,
    "std_transl": 0.0,
    "std_rot2": 0.0,
    "std_lin_vel": 0.0,
    "std_ang_vel": 0.0,
    "std_rng": 0.3,
    "std_brg": 0.017453292519943295,
    "max_range": 8.0,
    "fov_deg": 45.0
}