{
    "Qt diagonal": [
        0.3,
        0.017
    ],
    "Mt diagonal": [
        10.0,
        10.0,
        10.0
    ],
    "position_rmse": 0.5984960160231697,
    "position_max_abs_error": 2.687910481514493,
    "position_total_cumulative_error": 513.2488164699004,
    "position_error_percentage": 0.00010483420141409217,
    "orientation_rmse": 1.9566917566897304,
    "orientation_max_abs_error": 6.199982207906668,
    "orientation_total_cumulative_error": 1789.8590097582342,
    "std_rot1": 0.0,
    "std_transl": 0.0,
    "std_rot2": 0.0,
    "std_lin_vel": 0.0,
    "std_ang_vel": 0.0,
    "std_rng": 0.3,
    "std_brg": 0.017453292519943295,
    "max_range": 8.0,
    "fov_deg": 45.0
}