{
    "Qt diagonal": [
        0.3,
        0.017
    ],
    "Mt diagonal": [
        0.001,
        0.001,
        0.1
    ],
    "position_rmse": 0.20168848622960683,
    "position_max_abs_error": 0.5655811572443502,
    "position_total_cumulative_error": 196.2781804137565,
    "position_error_percentage": 0.0028815284309855484,
    "orientation_rmse": 2.5747161744648417,
    "orientation_max_abs_error": 5.120277716716686,
    "orientation_total_cumulative_error": 2146.5122449106984,
    "std_rot1": 0.0,
    "std_transl": 0.0,
    "std_rot2": 0.0,
    "std_lin_vel": 0.0,
    "std_ang_vel": 0.0,
    "std_rng": 0.3,
    "std_brg": 0.017453292519943295,
    "max_range": 8.0,
    "fov_deg": 45.0
}