{
    "Qt diagonal": [
        0.3,
        0.017
    ],
    "Mt diagonal": [
        0.1,
        0.1,
        0.1
    ],
    "position_rmse": 0.1662404662360227,
    "position_max_abs_error": 0.3681908439113119,
    "position_total_cumulative_error": 183.98526487304656,
    "position_error_percentage": 0.0005786746090532451,
    "orientation_rmse": 1.964753162108987,
    "orientation_max_abs_error": 6.1117334342648615,
    "orientation_total_cumulative_error": 1851.3457359835247,
    "std_rot1": 0.0,
    "std_transl": 0.0,
    "std_rot2": 0.0,
    "std_lin_vel": 0.0,
    "std_ang_vel": 0.0,
    "std_rng": 0.3,
    "std_brg": 0.017453292519943295,
    "max_range": 8.0,
    "fov_deg": 45.0
}