{
    "Qt diagonal": [
        0.3,
        0.017
    ],
    "Mt diagonal": [
        1.0,
        1.0,
        1.0
    ],
    "position_rmse": 0.6005544614572743,
    "position_max_abs_error": 2.9885675353971535,
    "position_total_cumulative_error": 503.98844651136267,
    "position_error_percentage": 0.00010232087182658697,
    "orientation_rmse": 1.7306488996648657,
    "orientation_max_abs_error": 6.074233325451801,
    "orientation_total_cumulative_error": 1643.5715107385572,
    "std_rot1": 0.0,
    "std_transl": 0.0,
    "std_rot2": 0.0,
    "std_lin_vel": 0.0,
    "std_ang_vel": 0.0,
    "std_rng": 0.3,
    "std_brg": 0.017453292519943295,
    "max_range": 8.0,
    "fov_deg": 45.0
}