{
    "Qt diagonal": [
        0.3,
        0.017
    ],
    "Mt diagonal": [
        10.0,
        10.0,
        10.0
    ],
    "position_rmse": 0.04684800234351546,
    "position_max_abs_error": 0.2104575305163251,
    "position_total_cumulative_error": 58.5206808944221,
    "position_error_percentage": 0.00025209264624291816,
    "orientation_rmse": 1.4113926163277115,
    "orientation_max_abs_error": 6.256993990005935,
    "orientation_total_cumulative_error": 1223.69585794318,
    "std_rot1": 0.0,
    "std_transl": 0.0,
    "std_rot2": 0.0,
    "std_lin_vel": 0.0,
    "std_ang_vel": 0.0,
    "std_rng": 0.3,
    "std_brg": 0.017453292519943295,
    "max_range": 8.0,
    "fov_deg": 45.0
}