{
    "Qt diagonal": [
        0.003,
        0.00017
    ],
    "Mt diagonal": [
        0.1,
        0.017,
        0.1
    ],
    "position_rmse": 0.047763710477586714,
    "position_max_abs_error": 0.21806393789675413,
    "position_total_cumulative_error": 50.99861110106232,
    "position_error_percentage": 0.0001769882060853282,
    "orientation_rmse": 2.4693398375766384,
    "orientation_max_abs_error": 4.4077541182830835,
    "orientation_total_cumulative_error": 2103.2255310198107,
    "std_rot1": 0.0,
    "std_transl": 0.0,
    "std_rot2": 0.0,
    "std_lin_vel": 0.1,
    "std_ang_vel": 0.017453292519943295,
    "std_rng": 0.3,
    "std_brg": 0.017453292519943295,
    "max_range": 8.0,
    "fov_deg": 45.0
}