{
    "Qt diagonal": [
        0.03,
        0.0017
    ],
    "Mt diagonal": [
        0.1,
        0.017,
        0.1
    ],
    "position_rmse": 0.07813568145608427,
    "position_max_abs_error": 0.3481356218960302,
    "position_total_cumulative_error": 76.89294022100015,
    "position_error_percentage": 0.00019707821157593505,
    "orientation_rmse": 2.4588731549016445,
    "orientation_max_abs_error": 4.436147837334694,
    "orientation_total_cumulative_error": 2129.7306776668743,
    "std_rot1": 0.0,
    "std_transl": 0.0,
    "std_rot2": 0.0,
    "std_lin_vel": 0.1,
    "std_ang_vel": 0.017453292519943295,
    "std_rng": 0.3,
    "std_brg": 0.017453292519943295,
    "max_range": 8.0,
    "fov_deg": 45.0
}