{
    "Qt diagonal": [
        3.0,
        0.17
    ],
    "Mt diagonal": [
        0.1,
        0.017,
        0.1
    ],
    "position_rmse": 0.5678804712509584,
    "position_max_abs_error": 1.9029725223673768,
    "position_total_cumulative_error": 542.4742952458973,
    "position_error_percentage": 0.0020714790377718566,
    "orientation_rmse": 2.6092417218530835,
    "orientation_max_abs_error": 5.648340032300368,
    "orientation_total_cumulative_error": 2274.481646742377,
    "std_rot1": 0.0,
    "std_transl": 0.0,
    "std_rot2": 0.0,
    "std_lin_vel": 0.1,
    "std_ang_vel": 0.017453292519943295,
    "std_rng": 0.3,
    "std_brg": 0.017453292519943295,
    "max_range": 8.0,
    "fov_deg": 45.0
}