{
    "Qt diagonal": [
        0.0003,
        1.7e-05
    ],
    "Mt diagonal": [
        0.1,
        0.017,
        0.1
    ],
    "position_rmse": 0.043080123615992,
    "position_max_abs_error": 0.2162981939656195,
    "position_total_cumulative_error": 43.236504176916725,
    "position_error_percentage": 0.0014661563661143918,
    "orientation_rmse": 2.48285642521508,
    "orientation_max_abs_error": 4.441123661555177,
    "orientation_total_cumulative_error": 2171.019578807941,
    "std_rot1": 0.0,
    "std_transl": 0.0,
    "std_rot2": 0.0,
    "std_lin_vel": 0.1,
    "std_ang_vel": 0.017453292519943295,
    "std_rng": 0.3,
    "std_brg": 0.017453292519943295,
    "max_range": 8.0,
    "fov_deg": 45.0
}