{
    "Qt diagonal": [
        0.3,
        0.017
    ],
    "Mt diagonal": [
        0.1,
        0.017,
        0.1
    ],
    "position_rmse": 0.18141680418132353,
    "position_max_abs_error": 1.0307199029672864,
    "position_total_cumulative_error": 147.08200450189548,
    "position_error_percentage": 0.0003326321266117966,
    "orientation_rmse": 2.5270720365055523,
    "orientation_max_abs_error": 4.5508325778370615,
    "orientation_total_cumulative_error": 2473.243082726321,
    "std_rot1": 0.0,
    "std_transl": 0.0,
    "std_rot2": 0.0,
    "std_lin_vel": 0.1,
    "std_ang_vel": 0.017453292519943295,
    "std_rng": 0.3,
    "std_brg": 0.017453292519943295,
    "max_range": 8.0,
    "fov_deg": 45.0
}