{
    "Qt diagonal": [
        0.1,
        0.1
    ],
    "Mt diagonal": [
        0.1,
        0.1,
        0.1
    ],
    "position_rmse": 0.05979995748366369,
    "position_max_abs_error": 0.145755776838714,
    "position_total_cumulative_error": 64.79903915241344,
    "position_error_percentage": 1.3049138170416e-07,
    "orientation_rmse": 2.43898522068004,
    "orientation_max_abs_error": 4.362045726386056,
    "orientation_total_cumulative_error": 2126.6273883404456,
    "std_rot1": 0.0,
    "std_transl": 0.0,
    "std_rot2": 0.0,
    "std_rng": 0.0,
    "std_brg": 0.0,
    "max_range": 8.0,
    "fov_deg": 45.0
}