{
    "Qt diagonal": [
        0.1,
        0.1
    ],
    "Mt diagonal": [
        0.1,
        0.1,
        0.1
    ],
    "position_rmse": 0.048010679771948284,
    "position_max_abs_error": 0.10561754936161244,
    "position_total_cumulative_error": 45.16342969437993,
    "position_error_percentage": 9.989616909849474e-08,
    "orientation_rmse": 1.854209850418583,
    "orientation_max_abs_error": 5.984050017733836,
    "orientation_total_cumulative_error": 1624.4028180750793,
    "std_rot1": 0.0,
    "std_transl": 0.0,
    "std_rot2": 0.0,
    "std_rng": 0.0,
    "std_brg": 0.0,
    "max_range": 8.0,
    "fov_deg": 45.0
}