{
    "Qt diagonal": [
        0.1,
        0.1
    ],
    "Mt diagonal": [
        0.1,
        0.1,
        0.1
    ],
    "position_rmse": 0.3969411390777411,
    "position_max_abs_error": 1.1384528925853075,
    "position_total_cumulative_error": 575.0827032978575,
    "position_error_percentage": 9.214747461901302e-06,
    "orientation_rmse": 2.303802926118462,
    "orientation_max_abs_error": 5.576425974307548,
    "orientation_total_cumulative_error": 3479.5852129684667,
    "std_rot1": 0.0,
    "std_transl": 0.0,
    "std_rot2": 0.0,
    "std_lin_vel": 0.0,
    "std_ang_vel": 0.0,
    "std_rng": 0.0,
    "std_brg": 0.0,
    "max_range": 8.0,
    "fov_deg": 45.0
}