{
    "Qt diagonal": [
        0.3,
        0.017
    ],
    "Mt diagonal": [
        0.017,
        0.1,
        0.017
    ],
    "position_rmse": 0.09286817725696216,
    "position_max_abs_error": 0.35379438019203324,
    "position_total_cumulative_error": 110.73195866878733,
    "position_error_percentage": 0.0006841565097202106,
    "orientation_rmse": 2.4531841113796946,
    "orientation_max_abs_error": 4.493225261861991,
    "orientation_total_cumulative_error": 2239.9231673614813,
    "std_rot1": 0.017453292519943295,
    "std_transl": 0.1,
    "std_rot2": 0.017453292519943295,
    "std_rng": 0.3,
    "std_brg": 0.017453292519943295,
    "max_range": 8.0,
    "fov_deg": 45.0
}