{
    "Qt diagonal": [
        30.0,
        1.7
    ],
    "Mt diagonal": [
        0.017,
        0.1,
        0.017
    ],
    "position_rmse": 0.13014141833633738,
    "position_max_abs_error": 0.519867343091001,
    "position_total_cumulative_error": 137.7893046483797,
    "position_error_percentage": 0.0001910063702529905,
    "orientation_rmse": 2.446979948917286,
    "orientation_max_abs_error": 4.384634704862935,
    "orientation_total_cumulative_error": 2108.0514419543906,
    "std_rot1": 0.017453292519943295,
    "std_transl": 0.1,
    "std_rot2": 0.017453292519943295,
    "std_rng": 0.3,
    "std_brg": 0.017453292519943295,
    "max_range": 8.0,
    "fov_deg": 45.0
}