{
    "Qt diagonal": [
        0.03,
        0.0017
    ],
    "Mt diagonal": [
        0.017,
        0.1,
        0.017
    ],
    "position_rmse": 0.08781235994401901,
    "position_max_abs_error": 0.36902325833758565,
    "position_total_cumulative_error": 96.4902152913871,
    "position_error_percentage": 0.0014103196970404236,
    "orientation_rmse": 2.41485764088548,
    "orientation_max_abs_error": 4.445077012924446,
    "orientation_total_cumulative_error": 2073.6212267278843,
    "std_rot1": 0.017453292519943295,
    "std_transl": 0.1,
    "std_rot2": 0.017453292519943295,
    "std_rng": 0.3,
    "std_brg": 0.017453292519943295,
    "max_range": 8.0,
    "fov_deg": 45.0
}